Unnamed: 0,customerID,gender,SeniorCitizen,Partner,Dependents,tenure,PhoneService,MultipleLines,InternetService,OnlineSecurity,OnlineBackup,DeviceProtection,TechSupport,StreamingTV,StreamingMovies,Contract,PaperlessBilling,PaymentMethod,MonthlyCharges,TotalCharges,Churn,Churn_flag,Prediction,Probability,Risk_Level,Actual_Churn,Estimated_CLV,Revenue_Risk,Retention_Cost,Expected_Revenue_Saved
2448,9221-OTIVJ,Female,Yes,No,No,14,Yes,Yes,Fiber optic,No,Yes,Yes,No,Yes,Yes,Month-to-month,Yes,Electronic check,104.8499984741211,1531.4000244140625,Yes,1.0,1,0.8029,Critical,1.0,1467.8999786376953,1178.5768928482055,294.6442232120514,883.9326696361541
261,3606-TWKGI,Male,Yes,No,No,13,Yes,Yes,Fiber optic,No,Yes,Yes,No,Yes,Yes,Month-to-month,Yes,Electronic check,106.9000015258789,1364.300048828125,Yes,1.0,1,0.8036,Critical,1.0,1389.7000198364258,1116.7629359405516,279.1907339851379,837.5722019554137
390,7450-NWRTR,Male,Yes,No,No,12,Yes,Yes,Fiber optic,No,No,Yes,No,Yes,Yes,Month-to-month,Yes,Electronic check,99.45,1200.15,Yes,1.0,1,0.8086,Critical,1.0,1193.4,964.98324,241.24581,723.73743
1564,2660-EMUBI,Male,Yes,No,No,10,Yes,Yes,Fiber optic,No,No,No,No,Yes,Yes,Month-to-month,Yes,Electronic check,95.3499984741211,898.3499755859375,Yes,1.0,1,0.8158,Critical,1.0,953.4999847412109,777.8652875518799,194.46632188796997,583.3989656639098
905,0781-LKXBR,Male,Yes,No,No,9,Yes,Yes,Fiber optic,No,No,Yes,No,Yes,Yes,Month-to-month,Yes,Electronic check,100.5,918.5999755859376,Yes,1.0,1,0.8251,Critical,1.0,904.5,746.3029499999999,186.57573749999997,559.7272125
1026,4822-RVYBB,Male,Yes,No,No,8,Yes,Yes,Fiber optic,No,No,Yes,No,Yes,Yes,Month-to-month,Yes,Electronic check,100.5999984741211,819.4000244140625,Yes,1.0,1,0.8251,Critical,1.0,804.7999877929688,664.0404699279785,166.01011748199463,498.0303524459839
1365,8884-ADFVN,Male,Yes,Yes,No,7,Yes,Yes,Fiber optic,No,No,Yes,No,Yes,Yes,Month-to-month,Yes,Electronic check,101.95,700.85,Yes,1.0,1,0.8371,Critical,1.0,713.65,597.3964149999999,149.34910374999998,448.04731124999995
2631,6861-XWTWQ,Male,Yes,Yes,No,7,Yes,Yes,Fiber optic,No,No,Yes,No,Yes,Yes,Month-to-month,Yes,Electronic check,99.25,665.4500122070312,Yes,1.0,1,0.8416,Critical,1.0,694.75,584.7016,146.1754,438.5262
2955,4626-GYCZP,Male,No,No,No,7,Yes,Yes,Fiber optic,No,No,No,No,Yes,Yes,Month-to-month,Yes,Electronic check,93.8499984741211,635.5999755859375,Yes,1.0,1,0.8085,Critical,1.0,656.9499893188477,531.1440663642883,132.78601659107207,398.3580497732162
1215,2446-BEGGB,Female,Yes,No,No,6,Yes,Yes,Fiber optic,No,Yes,No,No,Yes,Yes,Month-to-month,Yes,Electronic check,98.25,560.6,Yes,1.0,1,0.8236,Critical,1.0,589.5,485.5122,121.37805,364.13415
1626,3319-DWOEP,Male,Yes,Yes,No,6,Yes,No,Fiber optic,No,No,Yes,No,Yes,Yes,Month-to-month,Yes,Electronic check,95.75,573.75,Yes,1.0,1,0.8048,Critical,1.0,574.5,462.3576,115.5894,346.7682
1232,9681-OXGVC,Female,No,No,No,5,Yes,Yes,Fiber optic,No,No,Yes,No,Yes,Yes,Month-to-month,Yes,Electronic check,100.5,514.0,Yes,1.0,1,0.818,Critical,1.0,502.5,411.04499999999996,102.76124999999999,308.28374999999994
301,8098-LLAZX,Female,Yes,No,No,4,Yes,Yes,Fiber optic,No,No,No,No,Yes,Yes,Month-to-month,Yes,Electronic check,95.4499969482422,396.1000061035156,Yes,1.0,1,0.8357,Critical,1.0,381.7999877929688,319.07024979858403,79.76756244964601,239.30268734893804
997,1374-DMZUI,Female,Yes,No,No,4,Yes,Yes,Fiber optic,No,No,No,No,Yes,Yes,Month-to-month,Yes,Electronic check,94.3000030517578,424.4500122070313,Yes,1.0,1,0.8348,Critical,1.0,377.2000122070312,314.8865701904296,78.7216425476074,236.1649276428222
1894,1400-MMYXY,Male,Yes,Yes,No,3,Yes,Yes,Fiber optic,No,Yes,Yes,No,Yes,Yes,Month-to-month,Yes,Electronic check,105.9,334.65,Yes,1.0,1,0.8673,Critical,1.0,317.70000000000005,275.54121000000004,68.88530250000001,206.6559075
933,6496-SLWHQ,Male,Yes,No,No,3,Yes,Yes,Fiber optic,No,Yes,Yes,No,Yes,Yes,Month-to-month,Yes,Electronic check,105.0,294.45,Yes,1.0,1,0.8364,Critical,1.0,315.0,263.466,65.8665,197.5995
2797,6023-YEBUP,Male,No,No,No,3,Yes,Yes,Fiber optic,No,No,Yes,No,Yes,Yes,Month-to-month,Yes,Electronic check,100.9499969482422,329.95001220703125,Yes,1.0,1,0.8257,Critical,1.0,302.8499908447266,250.06323744049075,62.51580936012269,187.54742808036806
989,5567-WSELE,Male,Yes,Yes,No,3,Yes,Yes,Fiber optic,No,No,No,No,Yes,Yes,Month-to-month,Yes,Electronic check,94.6,279.55,Yes,1.0,1,0.8436,Critical,1.0,283.79999999999995,239.41367999999997,59.85341999999999,179.56025999999997
282,3049-SOLAY,Female,No,Yes,No,3,Yes,Yes,Fiber optic,No,No,No,No,Yes,Yes,Month-to-month,Yes,Electronic check,95.2,292.85,Yes,1.0,1,0.8167,Critical,1.0,285.6,233.24952000000002,58.312380000000005,174.93714
2270,4140-MUHUG,Female,Yes,No,No,3,Yes,No,Fiber optic,No,No,Yes,No,Yes,No,Month-to-month,Yes,Electronic check,86.8499984741211,220.9499969482422,Yes,1.0,1,0.8024,Critical,1.0,260.5499954223633,209.0653163269043,52.26632908172608,156.79898724517824
1410,7024-OHCCK,Female,Yes,No,No,2,Yes,Yes,Fiber optic,No,No,No,No,Yes,Yes,Month-to-month,Yes,Electronic check,93.8499984741211,170.85000610351562,Yes,1.0,1,0.8763,Critical,1.0,187.6999969482422,164.48150732574462,41.120376831436154,123.36113049430847
1368,2720-WGKHP,Male,Yes,No,No,2,Yes,Yes,Fiber optic,No,No,No,No,Yes,Yes,Month-to-month,Yes,Electronic check,94.0,181.7,Yes,1.0,1,0.8681,Critical,1.0,188.0,163.2028,40.8007,122.40209999999999
969,3158-MOERK,Female,No,No,No,2,Yes,Yes,Fiber optic,No,No,No,No,Yes,Yes,Month-to-month,Yes,Electronic check,96.0,174.8000030517578,Yes,1.0,1,0.8393,Critical,1.0,192.0,161.1456,40.2864,120.8592
1148,7851-WZEKY,Female,No,No,No,2,Yes,Yes,Fiber optic,No,No,No,No,Yes,Yes,Month-to-month,Yes,Electronic check,95.1500015258789,196.8999938964844,Yes,1.0,1,0.8364,Critical,1.0,190.3000030517578,159.16692255249023,39.79173063812256,119.37519191436768
1313,0754-UKWQP,Male,No,No,No,2,Yes,No,Fiber optic,No,No,Yes,No,Yes,Yes,Month-to-month,Yes,Electronic check,95.85,197.7,Yes,1.0,1,0.8127,Critical,1.0,191.7,155.79459,38.9486475,116.8459425
31,4929-XIHVW,Male,Yes,Yes,No,2,Yes,No,Fiber optic,No,No,Yes,No,Yes,Yes,Month-to-month,Yes,Credit card (automatic),95.5,181.6499938964844,No,0.0,1,0.8034,Critical,0.0,191.0,153.4494,38.36235,115.08705
2184,4695-WJZUE,Female,Yes,No,No,2,Yes,Yes,Fiber optic,No,No,Yes,No,No,Yes,Month-to-month,Yes,Electronic check,88.55000305175781,179.25,Yes,1.0,1,0.8457,Critical,1.0,177.10000610351562,149.77347516174316,37.44336879043579,112.33010637130738
1880,6474-FVJLC,Male,No,No,No,2,Yes,Yes,Fiber optic,No,No,No,No,No,Yes,Month-to-month,Yes,Electronic check,86.0,165.4499969482422,Yes,1.0,1,0.8072,Critical,1.0,172.0,138.8384,34.7096,104.12880000000001
39,4713-LZDRV,Female,Yes,No,No,2,Yes,No,Fiber optic,No,No,No,No,No,Yes,Month-to-month,Yes,Electronic check,79.6,195.05,Yes,1.0,1,0.8092,Critical,1.0,159.2,128.82464,32.20616,96.61847999999999
2208,7216-EWTRS,Female,Yes,Yes,No,1,Yes,Yes,Fiber optic,No,No,Yes,No,Yes,Yes,Month-to-month,Yes,Electronic check,100.8000030517578,100.8000030517578,Yes,1.0,1,0.9264,Critical,1.0,100.8000030517578,93.38112282714843,23.345280706787108,70.03584212036132
1482,5419-JPRRN,Male,No,No,No,1,Yes,Yes,Fiber optic,No,No,Yes,No,Yes,Yes,Month-to-month,Yes,Electronic check,101.45,101.45,Yes,1.0,1,0.8977,Critical,1.0,101.45,91.07166500000001,22.767916250000003,68.30374875000001
1704,0107-YHINA,Male,No,No,Yes,1,Yes,Yes,Fiber optic,No,No,Yes,No,Yes,Yes,Month-to-month,Yes,Electronic check,99.75,99.75,Yes,1.0,1,0.8965,Critical,1.0,99.75,89.42587499999999,22.356468749999998,67.06940624999999
2246,7181-BQYBV,Female,No,Yes,Yes,1,Yes,Yes,Fiber optic,Yes,No,Yes,No,Yes,Yes,Month-to-month,Yes,Electronic check,102.4499969482422,102.4499969482422,Yes,1.0,1,0.8465,Critical,1.0,102.4499969482422,86.72392241668703,21.680980604171758,65.04294181251527
1976,9497-QCMMS,Male,Yes,No,No,1,Yes,Yes,Fiber optic,No,No,No,No,Yes,Yes,Month-to-month,Yes,Electronic check,93.5500030517578,93.5500030517578,Yes,1.0,1,0.9044,Critical,1.0,93.5500030517578,84.60662276000976,21.15165569000244,63.454967070007314
1866,0295-PPHDO,Male,No,No,No,1,Yes,Yes,Fiber optic,No,No,No,No,Yes,Yes,Month-to-month,Yes,Electronic check,95.45,95.45,Yes,1.0,1,0.8862,Critical,1.0,95.45,84.58779,21.1469475,63.4408425
2577,4910-GMJOT,Female,No,No,No,1,Yes,Yes,Fiber optic,No,No,No,No,Yes,Yes,Month-to-month,Yes,Electronic check,94.5999984741211,94.5999984741211,Yes,1.0,1,0.8873,Critical,1.0,94.5999984741211,83.93857864608765,20.984644661521912,62.95393398456574
2191,3988-RQIXO,Female,Yes,No,No,1,Yes,No,Fiber optic,No,No,No,No,Yes,Yes,Month-to-month,Yes,Electronic check,91.3000030517578,91.3000030517578,Yes,1.0,1,0.8908,Critical,1.0,91.3000030517578,81.33004271850585,20.332510679626463,60.997532038879385
1240,6521-YYTYI,Male,No,No,Yes,1,Yes,Yes,Fiber optic,No,No,No,No,Yes,Yes,Month-to-month,Yes,Electronic check,93.3,93.3,Yes,1.0,1,0.8622,Critical,1.0,93.3,80.44326,20.110815,60.33244499999999
1600,3068-OMWZA,Male,Yes,No,No,1,Yes,Yes,Fiber optic,No,No,Yes,No,Yes,No,Month-to-month,Yes,Electronic check,88.80000305175781,88.80000305175781,Yes,1.0,1,0.9029,Critical,1.0,88.80000305175781,80.17752275543214,20.044380688858034,60.1331420665741
783,1415-YFWLT,Female,Yes,No,No,1,Yes,No,Fiber optic,No,No,No,No,Yes,Yes,Month-to-month,Yes,Electronic check,89.3,89.3,Yes,1.0,1,0.8936,Critical,1.0,89.3,79.79848,19.94962,59.84886
1089,8775-LHDJH,Female,Yes,Yes,No,1,Yes,Yes,Fiber optic,No,Yes,No,No,Yes,No,Month-to-month,Yes,Electronic check,90.6,90.6,Yes,1.0,1,0.8792,Critical,1.0,90.6,79.65552,19.91388,59.74164
2238,1393-IMKZG,Female,No,No,No,1,Yes,No,Fiber optic,No,No,No,Yes,Yes,Yes,Month-to-month,Yes,Electronic check,95.8499984741211,95.8499984741211,No,0.0,1,0.815,Critical,0.0,95.8499984741211,78.11774875640869,19.529437189102172,58.58831156730652
2069,6356-ELRKD,Female,No,No,No,1,Yes,No,Fiber optic,Yes,No,No,No,Yes,Yes,Month-to-month,Yes,Electronic check,95.5999984741211,95.5999984741211,Yes,1.0,1,0.8143,Critical,1.0,95.5999984741211,77.84707875747681,19.461769689369202,58.3853090681076
2745,4826-XTSOH,Male,Yes,Yes,No,1,Yes,Yes,Fiber optic,No,No,No,No,Yes,No,Month-to-month,Yes,Electronic check,86.05000305175781,86.05000305175781,Yes,1.0,1,0.8973,Critical,1.0,86.05000305175781,77.21266773834229,19.303166934585573,57.909500803756714
585,5192-EBGOV,Female,Yes,No,No,1,Yes,Yes,Fiber optic,No,No,No,No,Yes,No,Month-to-month,Yes,Electronic check,85.69999694824219,85.69999694824219,Yes,1.0,1,0.8983,Critical,1.0,85.69999694824219,76.98430725860595,19.246076814651488,57.738230443954464
2654,2725-KXXWT,Male,No,Yes,No,1,Yes,No,Fiber optic,No,No,No,No,Yes,Yes,Month-to-month,Yes,Electronic check,90.75,90.75,Yes,1.0,1,0.8424,Critical,1.0,90.75,76.4478,19.11195,57.33585
1473,9223-UCPVT,Female,No,No,No,1,Yes,No,Fiber optic,No,No,Yes,No,Yes,Yes,Month-to-month,No,Electronic check,94.4,94.4,Yes,1.0,1,0.8086,Critical,1.0,94.4,76.33184,19.08296,57.24888
1748,6230-BSUXY,Female,Yes,No,No,1,Yes,No,Fiber optic,No,No,Yes,No,No,Yes,Month-to-month,Yes,Electronic check,85.0,85.0,Yes,1.0,1,0.8974,Critical,1.0,85.0,76.279,19.06975,57.20925
844,3027-ZTDHO,Male,No,No,No,1,Yes,No,Fiber optic,No,No,No,No,Yes,Yes,Month-to-month,Yes,Electronic check,89.9000015258789,89.9000015258789,Yes,1.0,1,0.8463,Critical,1.0,89.9000015258789,76.08237129135132,19.02059282283783,57.061778468513495
307,1941-HOSAM,Male,No,Yes,Yes,1,Yes,No,Fiber optic,No,No,No,No,Yes,Yes,Month-to-month,Yes,Electronic check,90.1,90.1,No,0.0,1,0.8442,Critical,0.0,90.1,76.06241999999999,19.015604999999997,57.046814999999995
642,0970-ETWGE,Male,No,No,No,1,Yes,No,Fiber optic,No,No,No,No,Yes,Yes,Month-to-month,Yes,Electronic check,89.55000305175781,89.55000305175781,Yes,1.0,1,0.8463,Critical,1.0,89.55000305175781,75.78616758270265,18.94654189567566,56.83962568702698
354,4273-MBHYA,Female,No,No,Yes,1,Yes,No,Fiber optic,No,No,No,No,Yes,Yes,Month-to-month,Yes,Electronic check,89.35,89.35,No,0.0,1,0.8465,Critical,0.0,89.35,75.634775,18.90869375,56.72608125000001
140,7577-SWIFR,Male,No,No,No,1,Yes,No,Fiber optic,No,No,No,No,Yes,Yes,Month-to-month,Yes,Electronic check,89.25,89.25,No,0.0,1,0.8463,Critical,0.0,89.25,75.532275,18.88306875,56.64920625
876,4844-JJWUY,Female,Yes,No,No,1,Yes,No,Fiber optic,No,Yes,No,No,No,Yes,Month-to-month,Yes,Electronic check,86.0,86.0,Yes,1.0,1,0.8736,Critical,1.0,86.0,75.12960000000001,18.782400000000003,56.34720000000001
2397,3722-WPXTK,Male,No,No,No,1,Yes,No,Fiber optic,No,No,No,No,Yes,Yes,Month-to-month,Yes,Electronic check,88.3499984741211,88.3499984741211,Yes,1.0,1,0.8463,Critical,1.0,88.3499984741211,74.7706037086487,18.692650927162173,56.077952781486516
983,8603-IJWDN,Male,No,No,No,1,Yes,Yes,Fiber optic,No,No,No,No,No,Yes,Month-to-month,Yes,Electronic check,86.5999984741211,86.5999984741211,Yes,1.0,1,0.8609,Critical,1.0,86.5999984741211,74.55393868637086,18.638484671592714,55.91545401477814
534,9282-IZGQK,Female,No,No,No,1,Yes,Yes,Fiber optic,No,No,No,No,No,Yes,Month-to-month,Yes,Electronic check,85.0,85.0,Yes,1.0,1,0.8635,Critical,1.0,85.0,73.39750000000001,18.349375000000002,55.048125000000006
383,5167-ZFFMM,Male,No,No,No,1,Yes,Yes,Fiber optic,No,Yes,No,No,No,Yes,Month-to-month,Yes,Credit card (automatic),90.8499984741211,90.8499984741211,Yes,1.0,1,0.8015,Critical,1.0,90.8499984741211,72.81627377700805,18.204068444252012,54.612205332756034
474,4912-PIGUY,Female,No,No,No,1,Yes,Yes,Fiber optic,No,No,No,No,Yes,No,Month-to-month,Yes,Electronic check,84.6,84.6,No,0.0,1,0.8562,Critical,0.0,84.6,72.43451999999999,18.108629999999998,54.325889999999994
943,2202-CUYXZ,Male,No,No,No,1,Yes,No,Fiber optic,No,No,Yes,No,Yes,No,Month-to-month,Yes,Electronic check,84.85,84.85,Yes,1.0,1,0.8419,Critical,1.0,84.85,71.435215,17.85880375,53.57641125
1371,6567-HOOPW,Female,Yes,No,No,1,Yes,No,Fiber optic,No,No,No,No,Yes,No,Month-to-month,Yes,Electronic check,79.19999694824219,79.19999694824219,Yes,1.0,1,0.8906,Critical,1.0,79.19999694824219,70.5355172821045,17.633879320526123,52.90163796157837
1651,8580-AECUZ,Male,Yes,No,No,1,Yes,No,Fiber optic,No,No,No,No,Yes,No,Month-to-month,Yes,Electronic check,79.0999984741211,79.0999984741211,Yes,1.0,1,0.8889,Critical,1.0,79.0999984741211,70.31198864364625,17.57799716091156,52.73399148273468
450,7503-ZGUZJ,Male,No,No,No,1,Yes,Yes,Fiber optic,No,No,No,No,Yes,No,Month-to-month,Yes,Mailed check,84.65,84.65,Yes,1.0,1,0.8278,Critical,1.0,84.65,70.07327000000001,17.518317500000002,52.554952500000006
905,1628-BIZYP,Male,No,No,No,1,Yes,No,Fiber optic,No,Yes,No,No,No,Yes,Month-to-month,Yes,Electronic check,85.0,85.0,No,0.0,1,0.8186,Critical,0.0,85.0,69.581,17.39525,52.18575
2367,0235-KGSLC,Female,No,No,No,1,Yes,No,Fiber optic,No,No,Yes,No,Yes,No,Month-to-month,Yes,Credit card (automatic),85.55000305175781,85.55000305175781,Yes,1.0,1,0.8089,Critical,1.0,85.55000305175781,69.2013974685669,17.300349367141724,51.901048101425175
2861,2004-OCQXK,Female,No,No,No,1,Yes,No,Fiber optic,No,No,No,No,No,Yes,Month-to-month,Yes,Electronic check,81.94999694824219,81.94999694824219,Yes,1.0,1,0.8352,Critical,1.0,81.94999694824219,68.44463745117189,17.11115936279297,51.33347808837891
1623,9248-OJYKK,Male,Yes,No,No,1,Yes,Yes,Fiber optic,No,No,No,No,No,No,Month-to-month,Yes,Electronic check,76.45,76.45,Yes,1.0,1,0.8943,Critical,1.0,76.45,68.369235,17.09230875,51.27692625
1620,6457-USBER,Male,No,No,No,1,Yes,No,Fiber optic,No,No,No,No,No,Yes,Month-to-month,Yes,Electronic check,80.8,80.8,Yes,1.0,1,0.844,Critical,1.0,80.8,68.1952,17.0488,51.1464
2891,0495-RVCBF,Female,No,No,No,1,Yes,No,Fiber optic,No,No,No,No,No,Yes,Month-to-month,Yes,Electronic check,79.69999694824219,79.69999694824219,Yes,1.0,1,0.8523,Critical,1.0,79.69999694824219,67.92830739898682,16.982076849746704,50.94623054924011
538,4614-NUVZD,Female,No,No,No,1,Yes,No,Fiber optic,No,No,No,No,No,Yes,Month-to-month,Yes,Electronic check,81.1,81.1,Yes,1.0,1,0.8352,Critical,1.0,81.1,67.73472,16.93368,50.80104
1208,5494-HECPR,Female,No,No,No,1,Yes,No,Fiber optic,No,No,No,No,Yes,No,Month-to-month,Yes,Electronic check,80.25,80.25,Yes,1.0,1,0.8436,Critical,1.0,80.25,67.6989,16.924725,50.774175
1095,7439-DKZTW,Male,No,No,No,1,Yes,No,Fiber optic,No,No,No,No,Yes,No,Month-to-month,Yes,Electronic check,80.55000305175781,80.55000305175781,No,0.0,1,0.8367,Critical,0.0,80.55000305175781,67.39618755340577,16.84904688835144,50.54714066505433
1929,2018-QKYGT,Male,No,Yes,Yes,1,Yes,No,Fiber optic,No,No,No,No,No,Yes,Month-to-month,Yes,Electronic check,81.05000305175781,81.05000305175781,No,0.0,1,0.8314,Critical,0.0,81.05000305175781,67.38497253723145,16.846243134307862,50.538729402923586
2032,6894-LFHLY,Male,Yes,No,No,1,Yes,Yes,Fiber optic,No,No,No,No,No,No,Month-to-month,Yes,Electronic check,75.75,75.75,Yes,1.0,1,0.8895,Critical,1.0,75.75,67.37962499999999,16.844906249999998,50.534718749999996
1168,2868-MZAGQ,Male,No,No,No,1,Yes,No,Fiber optic,No,No,No,No,No,Yes,Month-to-month,Yes,Electronic check,79.25,79.25,Yes,1.0,1,0.85,Critical,1.0,79.25,67.3625,16.840625,50.521874999999994
288,8058-INTPH,Female,No,No,No,1,Yes,No,Fiber optic,No,No,No,No,Yes,No,Month-to-month,Yes,Electronic check,79.65,79.65,Yes,1.0,1,0.8446,Critical,1.0,79.65,67.27239,16.8180975,50.4542925
2095,9300-RENDD,Male,No,No,No,1,Yes,No,Fiber optic,No,No,No,No,Yes,No,Month-to-month,Yes,Electronic check,79.94999694824219,79.94999694824219,Yes,1.0,1,0.8412,Critical,1.0,79.94999694824219,67.25393743286132,16.81348435821533,50.44045307464599
2194,2514-GINMM,Male,No,No,No,1,Yes,No,Fiber optic,No,No,No,No,Yes,No,Month-to-month,Yes,Electronic check,79.5,79.5,Yes,1.0,1,0.8422,Critical,1.0,79.5,66.9549,16.738725,50.21617499999999
80,5919-TMRGD,Female,No,No,Yes,1,Yes,No,Fiber optic,No,No,No,No,Yes,No,Month-to-month,Yes,Electronic check,79.3499984741211,79.3499984741211,Yes,1.0,1,0.8425,Critical,1.0,79.3499984741211,66.85237371444703,16.713093428611757,50.13928028583527
1846,6618-RYATB,Female,No,No,No,1,Yes,Yes,Fiber optic,No,No,Yes,No,No,No,Month-to-month,Yes,Mailed check,79.55,79.55,Yes,1.0,1,0.8365,Critical,1.0,79.55,66.543575,16.63589375,49.90768125
2010,0723-DRCLG,Female,Yes,Yes,No,1,Yes,Yes,Fiber optic,No,No,No,No,No,No,Month-to-month,Yes,Electronic check,74.45,74.45,Yes,1.0,1,0.891,Critical,1.0,74.45,66.33495,16.5837375,49.75121250000001
1505,5240-IJOQT,Male,Yes,No,No,1,Yes,Yes,Fiber optic,No,No,No,No,No,No,Month-to-month,Yes,Electronic check,74.69999694824219,74.69999694824219,Yes,1.0,1,0.8879,Critical,1.0,74.69999694824219,66.32612729034425,16.58153182258606,49.74459546775819
1498,0742-NXBGR,Female,No,No,No,1,Yes,No,Fiber optic,No,Yes,Yes,No,No,No,Month-to-month,Yes,Electronic check,82.3,82.3,Yes,1.0,1,0.8057,Critical,1.0,82.3,66.30910999999999,16.577277499999997,49.731832499999996
2821,4102-OQUPX,Male,Yes,Yes,No,1,Yes,Yes,Fiber optic,No,No,No,No,No,No,Month-to-month,Yes,Electronic check,74.4000015258789,74.4000015258789,Yes,1.0,1,0.8899,Critical,1.0,74.4000015258789,66.20856135787965,16.55214033946991,49.65642101840973
1438,3551-HUAZH,Male,Yes,No,No,1,Yes,Yes,Fiber optic,No,No,No,No,No,No,Month-to-month,Yes,Electronic check,74.4,74.4,Yes,1.0,1,0.8899,Critical,1.0,74.4,66.20856,16.55214,49.656420000000004
1317,7493-TPUWZ,Male,No,No,No,1,Yes,Yes,Fiber optic,No,Yes,No,No,No,No,Month-to-month,Yes,Electronic check,79.15,79.15,Yes,1.0,1,0.8328,Critical,1.0,79.15,65.91612,16.47903,49.437090000000005
826,9507-EXLTT,Female,No,Yes,No,1,Yes,No,Fiber optic,No,No,No,No,Yes,No,Month-to-month,Yes,Bank transfer (automatic),79.35,79.35,Yes,1.0,1,0.8284,Critical,1.0,79.35,65.73353999999999,16.433384999999998,49.30015499999999
419,5564-NEMQO,Female,Yes,No,No,1,Yes,No,Fiber optic,No,No,Yes,No,No,No,Month-to-month,Yes,Bank transfer (automatic),75.30000305175781,75.30000305175781,Yes,1.0,1,0.8723,Critical,1.0,75.30000305175781,65.68419266204833,16.421048165512083,49.26314449653625
341,2982-IHMFT,Female,Yes,No,No,1,Yes,Yes,Fiber optic,No,No,No,No,No,No,Month-to-month,Yes,Mailed check,74.45,74.45,Yes,1.0,1,0.8813,Critical,1.0,74.45,65.612785,16.40319625,49.20958875
2464,2609-IAICY,Female,No,No,No,1,Yes,Yes,Fiber optic,No,No,No,No,No,No,Month-to-month,Yes,Electronic check,77.1500015258789,77.1500015258789,Yes,1.0,1,0.8501,Critical,1.0,77.1500015258789,65.58521629714966,16.396304074287414,49.18891222286224
481,8473-VUVJN,Male,Yes,No,No,1,Yes,Yes,Fiber optic,No,No,No,No,No,No,Month-to-month,Yes,Electronic check,73.65,73.65,Yes,1.0,1,0.8899,Critical,1.0,73.65,65.54113500000001,16.385283750000003,49.15585125000001
915,6513-EECDB,Male,Yes,Yes,No,1,Yes,Yes,Fiber optic,No,No,No,No,No,No,Month-to-month,Yes,Electronic check,73.55000305175781,73.55000305175781,Yes,1.0,1,0.8891,Critical,1.0,73.55000305175781,65.39330771331787,16.348326928329467,49.0449807849884
1231,3296-SILRA,Female,Yes,Yes,No,1,Yes,No,Fiber optic,No,Yes,No,No,No,No,Month-to-month,Yes,Mailed check,76.4,76.4,Yes,1.0,1,0.8533,Critical,1.0,76.4,65.19212,16.29803,48.894090000000006
300,8821-XNHVZ,Female,No,Yes,Yes,1,Yes,No,Fiber optic,No,No,No,No,Yes,No,Month-to-month,Yes,Mailed check,80.05,80.05,Yes,1.0,1,0.8125,Critical,1.0,80.05,65.04062499999999,16.260156249999998,48.78046875
2613,0137-OCGAB,Female,No,No,No,1,Yes,Yes,Fiber optic,No,Yes,No,No,No,No,Month-to-month,Yes,Mailed check,80.19999694824219,80.19999694824219,Yes,1.0,1,0.8053,Critical,1.0,80.19999694824219,64.58505754241943,16.14626438560486,48.438793156814576
345,0021-IKXGC,Female,Yes,No,No,1,Yes,Yes,Fiber optic,No,No,No,No,No,No,Month-to-month,Yes,Electronic check,72.0999984741211,72.0999984741211,No,0.0,1,0.8869,Critical,0.0,72.0999984741211,63.945488646698,15.9863721616745,47.9591164850235
1954,5834-ASPWA,Male,No,No,No,1,Yes,Yes,Fiber optic,No,No,No,No,No,No,Month-to-month,Yes,Electronic check,75.44999694824219,75.44999694824219,Yes,1.0,1,0.8412,Critical,1.0,75.44999694824219,63.468537432861325,15.867134358215331,47.601403074645994
2129,9787-XVQIU,Male,No,No,No,1,Yes,Yes,Fiber optic,No,No,No,No,No,No,Month-to-month,Yes,Electronic check,75.30000305175781,75.30000305175781,Yes,1.0,1,0.8412,Critical,1.0,75.30000305175781,63.342362567138665,15.835590641784666,47.506771925354
459,1452-VOQCH,Male,No,No,No,1,Yes,Yes,Fiber optic,No,No,No,No,No,No,Month-to-month,Yes,Electronic check,75.0999984741211,75.0999984741211,No,0.0,1,0.8403,Critical,0.0,75.0999984741211,63.10652871780396,15.77663217945099,47.32989653835297
1561,1157-BQCUW,Male,No,No,No,1,Yes,Yes,Fiber optic,No,No,No,No,No,No,Month-to-month,Yes,Electronic check,74.94999694824219,74.94999694824219,Yes,1.0,1,0.8403,Critical,1.0,74.94999694824219,62.98048243560791,15.745120608901978,47.23536182670593
1205,6358-LYNGM,Male,No,No,No,1,Yes,Yes,Fiber optic,No,No,No,No,No,No,Month-to-month,Yes,Electronic check,74.9000015258789,74.9000015258789,Yes,1.0,1,0.8403,Critical,1.0,74.9000015258789,62.93847128219605,15.734617820549012,47.203853461647036
1633,4415-IJZTP,Female,No,No,No,1,Yes,Yes,Fiber optic,No,No,No,No,No,No,Month-to-month,Yes,Electronic check,74.5,74.5,Yes,1.0,1,0.8432,Critical,1.0,74.5,62.8184,15.7046,47.1138
1257,1977-STDKI,Female,Yes,No,No,1,Yes,No,Fiber optic,No,Yes,No,No,No,No,Month-to-month,Yes,Electronic check,73.0,73.0,Yes,1.0,1,0.8591,Critical,1.0,73.0,62.7143,15.678575,47.035725
2275,7180-PISOG,Male,No,Yes,Yes,1,Yes,Yes,Fiber optic,No,No,No,No,No,No,Month-to-month,Yes,Electronic check,74.5,74.5,Yes,1.0,1,0.8405,Critical,1.0,74.5,62.61725,15.6543125,46.962937499999995
489,8372-JUXUI,Male,No,No,Yes,1,Yes,Yes,Fiber optic,No,No,No,No,No,No,Month-to-month,Yes,Electronic check,74.3499984741211,74.3499984741211,Yes,1.0,1,0.8405,Critical,1.0,74.3499984741211,62.49117371749878,15.622793429374696,46.86838028812409
2888,7409-KIUTL,Female,Yes,No,Yes,1,Yes,No,Fiber optic,No,No,No,No,No,No,Month-to-month,Yes,Electronic check,71.0,71.0,Yes,1.0,1,0.873,Critical,1.0,71.0,61.983,15.49575,46.487249999999996
2036,8775-ERLNB,Male,Yes,Yes,No,1,Yes,Yes,Fiber optic,No,No,No,No,No,No,Month-to-month,No,Electronic check,74.30000305175781,74.30000305175781,No,0.0,1,0.8317,Critical,0.0,74.30000305175781,61.79531253814697,15.448828134536743,46.34648440361023
2133,8051-HJRLT,Female,Yes,No,No,1,Yes,No,Fiber optic,No,No,No,No,No,No,Month-to-month,Yes,Electronic check,70.55000305175781,70.55000305175781,Yes,1.0,1,0.8741,Critical,1.0,70.55000305175781,61.6677576675415,15.416939416885375,46.250818250656124
1096,9605-WGJVW,Female,Yes,No,No,1,Yes,No,Fiber optic,No,No,No,No,No,No,Month-to-month,Yes,Electronic check,70.2,70.2,No,0.0,1,0.8729,Critical,0.0,70.2,61.27758,15.319395,45.958185
2366,1846-XWOQN,Female,Yes,No,No,1,Yes,No,Fiber optic,No,No,No,No,No,No,Month-to-month,Yes,Electronic check,70.1500015258789,70.1500015258789,Yes,1.0,1,0.8729,Critical,1.0,70.1500015258789,61.233936331939695,15.308484082984924,45.92545224895477
825,1363-TXLSL,Male,Yes,Yes,No,1,Yes,No,Fiber optic,No,No,No,No,No,No,Month-to-month,Yes,Electronic check,70.3,70.3,Yes,1.0,1,0.8709,Critical,1.0,70.3,61.22427,15.3060675,45.9182025
1995,8000-REIQB,Female,Yes,No,No,1,Yes,No,Fiber optic,No,No,No,No,No,No,Month-to-month,Yes,Electronic check,69.94999694824219,69.94999694824219,Yes,1.0,1,0.8729,Critical,1.0,69.94999694824219,61.059352336120604,15.264838084030151,45.79451425209045
2422,9603-OAIHC,Male,Yes,No,No,1,Yes,No,Fiber optic,No,No,No,No,No,No,Month-to-month,Yes,Electronic check,70.05000305175781,70.05000305175781,No,0.0,1,0.8709,Critical,0.0,70.05000305175781,61.00654765777588,15.25163691444397,45.75491074333191
672,3276-HDUEG,Female,No,No,No,1,Yes,Yes,Fiber optic,No,No,No,No,No,No,Month-to-month,Yes,Mailed check,75.05000305175781,75.05000305175781,Yes,1.0,1,0.8128,Critical,1.0,75.05000305175781,61.00064248046875,15.250160620117187,45.75048186035156
573,5550-VFRLC,Female,Yes,No,No,1,Yes,No,Fiber optic,No,No,No,No,No,No,Month-to-month,Yes,Electronic check,69.85,69.85,Yes,1.0,1,0.8729,Critical,1.0,69.85,60.97206499999999,15.243016249999998,45.72904875
2037,8309-IEYJD,Female,Yes,No,No,1,Yes,No,Fiber optic,No,No,No,No,No,No,Month-to-month,Yes,Mailed check,70.5999984741211,70.5999984741211,No,0.0,1,0.8631,Critical,0.0,70.5999984741211,60.934858683013914,15.233714670753479,45.701144012260436
782,4871-JTKJF,Female,Yes,No,No,1,Yes,No,Fiber optic,No,No,No,No,No,No,Month-to-month,Yes,Electronic check,69.65,69.65,Yes,1.0,1,0.8729,Critical,1.0,69.65,60.79748500000001,15.199371250000002,45.59811375000001
1731,8375-DKEBR,Female,Yes,No,No,1,Yes,No,Fiber optic,No,No,No,No,No,No,Month-to-month,Yes,Electronic check,69.5999984741211,69.5999984741211,Yes,1.0,1,0.8729,Critical,1.0,69.5999984741211,60.753838668060304,15.188459667015076,45.56537900104523
2607,5539-TMZLF,Male,Yes,No,No,1,Yes,No,Fiber optic,No,No,No,No,No,No,Month-to-month,Yes,Electronic check,69.75,69.75,Yes,1.0,1,0.8709,Critical,1.0,69.75,60.745275,15.18631875,45.55895625
139,0390-DCFDQ,Female,Yes,Yes,No,1,Yes,No,Fiber optic,No,No,No,No,No,No,Month-to-month,Yes,Mailed check,70.44999694824219,70.44999694824219,Yes,1.0,1,0.8619,Critical,1.0,70.44999694824219,60.72085236968994,15.180213092422486,45.54063927726746
454,2506-TNFCO,Female,Yes,Yes,No,1,Yes,No,Fiber optic,No,No,No,No,No,No,Month-to-month,Yes,Electronic check,69.55,69.55,Yes,1.0,1,0.8729,Critical,1.0,69.55,60.710195,15.17754875,45.53264625
165,8062-YBDOE,Male,Yes,No,No,1,Yes,No,Fiber optic,No,No,No,No,No,No,Month-to-month,Yes,Electronic check,69.65,69.65,Yes,1.0,1,0.8709,Critical,1.0,69.65,60.658185,15.16454625,45.49363875
1325,7206-GZCDC,Female,Yes,No,No,1,Yes,No,Fiber optic,No,No,No,No,No,No,Month-to-month,Yes,Electronic check,69.25,69.25,Yes,1.0,1,0.8729,Critical,1.0,69.25,60.448325000000004,15.112081250000001,45.33624375
2900,0679-IDSTG,Female,Yes,Yes,Yes,1,Yes,No,Fiber optic,No,No,No,No,No,No,Month-to-month,Yes,Electronic check,69.25,69.25,Yes,1.0,1,0.8719,Critical,1.0,69.25,60.379075,15.09476875,45.28430625
2510,3707-GNWHM,Male,No,No,No,1,Yes,Yes,Fiber optic,No,No,No,No,No,No,Month-to-month,Yes,Mailed check,74.25,74.25,Yes,1.0,1,0.8128,Critical,1.0,74.25,60.3504,15.0876,45.2628
651,2024-BASKD,Female,No,No,No,1,Yes,No,Fiber optic,No,No,Yes,No,No,No,Month-to-month,Yes,Mailed check,74.5999984741211,74.5999984741211,Yes,1.0,1,0.8009,Critical,1.0,74.5999984741211,59.74713877792358,14.936784694480895,44.81035408344269
2517,5186-SAMNZ,Male,Yes,No,No,1,Yes,No,Fiber optic,No,No,No,No,No,No,Month-to-month,Yes,Bank transfer (automatic),69.5,69.5,Yes,1.0,1,0.8593,Critical,1.0,69.5,59.721349999999994,14.930337499999998,44.791012499999994
1783,8380-PEFPE,Male,No,No,Yes,1,Yes,No,Fiber optic,No,No,No,No,No,No,Month-to-month,Yes,Electronic check,71.6500015258789,71.6500015258789,Yes,1.0,1,0.8163,Critical,1.0,71.6500015258789,58.48789624557495,14.621974061393738,43.865922184181215
1590,1031-IIDEO,Female,No,No,No,1,Yes,No,Fiber optic,No,No,No,No,No,No,Month-to-month,Yes,Electronic check,70.85,70.85,Yes,1.0,1,0.8203,Critical,1.0,70.85,58.118255,14.52956375,43.58869125
812,3422-LYEPQ,Male,No,Yes,Yes,1,Yes,No,Fiber optic,No,No,No,No,No,No,Month-to-month,Yes,Electronic check,71.0,71.0,Yes,1.0,1,0.8163,Critical,1.0,71.0,57.957300000000004,14.489325000000001,43.467975
393,5376-DEQCP,Female,No,No,No,1,Yes,No,Fiber optic,No,No,No,No,No,No,Month-to-month,Yes,Electronic check,70.6,70.6,Yes,1.0,1,0.8203,Critical,1.0,70.6,57.91318,14.478295,43.434884999999994
23,6653-CBBOM,Female,No,No,No,1,Yes,No,Fiber optic,No,No,No,No,No,No,Month-to-month,Yes,Electronic check,70.3,70.3,Yes,1.0,1,0.8188,Critical,1.0,70.3,57.56164,14.39041,43.171229999999994
662,3244-DCJWY,Female,No,No,No,1,Yes,No,Fiber optic,No,No,No,No,No,No,Month-to-month,Yes,Electronic check,70.25,70.25,Yes,1.0,1,0.8188,Critical,1.0,70.25,57.5207,14.380175,43.140525
1267,0328-GRPMV,Female,No,No,No,1,Yes,No,Fiber optic,No,No,No,No,No,No,Month-to-month,Yes,Electronic check,70.1,70.1,Yes,1.0,1,0.8188,Critical,1.0,70.1,57.397879999999994,14.349469999999998,43.04841
1816,2446-PLQVO,Male,No,No,No,1,Yes,No,Fiber optic,No,No,No,No,No,No,Month-to-month,Yes,Electronic check,70.3,70.3,Yes,1.0,1,0.8161,Critical,1.0,70.3,57.37183,14.3429575,43.028872500000006
1879,3494-JCHRQ,Male,No,No,No,1,Yes,No,Fiber optic,No,No,No,No,No,No,Month-to-month,Yes,Electronic check,70.05000305175781,70.05000305175781,Yes,1.0,1,0.8161,Critical,1.0,70.05000305175781,57.16780749053955,14.291951872634888,42.87585561790466
2927,5542-TBBWB,Male,No,No,No,1,Yes,No,Fiber optic,No,No,No,No,No,No,Month-to-month,Yes,Electronic check,69.9000015258789,69.9000015258789,No,0.0,1,0.8161,Critical,0.0,69.9000015258789,57.04539124526978,14.261347811317444,42.784043433952334
1739,9804-ICWBG,Male,No,No,No,1,Yes,No,Fiber optic,No,No,No,No,No,No,Month-to-month,Yes,Electronic check,69.9000015258789,69.9000015258789,Yes,1.0,1,0.8161,Critical,1.0,69.9000015258789,57.04539124526978,14.261347811317444,42.784043433952334
976,5875-YPQFJ,Male,No,No,No,1,Yes,No,Fiber optic,No,No,No,No,No,No,Month-to-month,Yes,Electronic check,69.9000015258789,69.9000015258789,Yes,1.0,1,0.8161,Critical,1.0,69.9000015258789,57.04539124526978,14.261347811317444,42.784043433952334
872,4550-EVXNY,Female,No,No,Yes,1,Yes,No,Fiber optic,No,No,No,No,No,No,Month-to-month,Yes,Electronic check,69.65,69.65,Yes,1.0,1,0.8174,Critical,1.0,69.65,56.93191000000001,14.232977500000002,42.698932500000005
1488,0488-GSLFR,Female,No,No,No,1,Yes,No,Fiber optic,No,No,No,No,No,No,Month-to-month,Yes,Electronic check,69.5,69.5,Yes,1.0,1,0.8188,Critical,1.0,69.5,56.9066,14.22665,42.67995
1495,7254-IQWOZ,Male,No,No,No,1,Yes,No,Fiber optic,No,No,No,No,No,No,Month-to-month,Yes,Electronic check,69.65,69.65,Yes,1.0,1,0.8161,Critical,1.0,69.65,56.84136500000001,14.210341250000003,42.63102375000001
1933,6502-MJQAE,Male,No,No,No,1,Yes,No,Fiber optic,No,No,No,No,No,No,Month-to-month,Yes,Electronic check,69.6,69.6,Yes,1.0,1,0.8161,Critical,1.0,69.6,56.80056,14.20014,42.60042
809,1820-TQVEV,Male,No,No,No,1,Yes,No,Fiber optic,No,No,No,No,No,No,Month-to-month,Yes,Electronic check,69.55000305175781,69.55000305175781,Yes,1.0,1,0.8161,Critical,1.0,69.55000305175781,56.759757490539556,14.189939372634889,42.56981811790467
1764,7660-HDPJV,Female,No,No,No,1,Yes,No,Fiber optic,No,No,No,No,No,No,Month-to-month,Yes,Electronic check,69.2,69.2,Yes,1.0,1,0.8188,Critical,1.0,69.2,56.66096,14.16524,42.495720000000006
1491,9728-FTTVZ,Female,No,No,No,1,Yes,No,Fiber optic,No,No,No,No,No,No,Month-to-month,Yes,Electronic check,69.2,69.2,Yes,1.0,1,0.8188,Critical,1.0,69.2,56.66096,14.16524,42.495720000000006
1924,6457-GIRWB,Male,No,No,No,1,Yes,No,Fiber optic,No,No,No,No,No,No,Month-to-month,Yes,Electronic check,69.35,69.35,Yes,1.0,1,0.8161,Critical,1.0,69.35,56.596534999999996,14.149133749999999,42.44740125
1660,1447-GIQMR,Male,No,Yes,No,1,Yes,No,Fiber optic,No,No,No,No,No,No,Month-to-month,Yes,Electronic check,69.15,69.15,Yes,1.0,1,0.8161,Critical,1.0,69.15,56.43331500000001,14.108328750000002,42.32498625000001
1854,6702-OHFWR,Male,Yes,No,No,1,No,,DSL,No,Yes,Yes,No,No,Yes,Month-to-month,Yes,Electronic check,43.29999923706055,43.29999923706055,Yes,1.0,1,0.8354,Critical,1.0,43.29999923706055,36.17281936264038,9.043204840660096,27.129614521980287
20,8779-QRDMV,Male,Yes,No,No,1,No,,DSL,No,No,Yes,No,No,Yes,Month-to-month,Yes,Electronic check,39.650001525878906,39.650001525878906,Yes,1.0,1,0.8612,Critical,1.0,39.650001525878906,34.146581314086916,8.536645328521729,25.609935985565187
186,3776-EKTKM,Female,Yes,No,No,1,No,No,DSL,No,No,No,No,Yes,No,Month-to-month,Yes,Electronic check,36.45,36.45,Yes,1.0,1,0.8386,Critical,1.0,36.45,30.56697,7.6417425,22.925227500000002
411,7932-WPTDS,Female,Yes,Yes,No,1,No,No,DSL,No,No,No,No,No,No,Month-to-month,Yes,Electronic check,24.8,24.8,Yes,1.0,1,0.8063,Critical,1.0,24.8,19.99624,4.99906,14.99718
